"18. 우울감 경험률","","","정의","최근 1년 동안 연속적으로 2주 이상 일상생활에 지장이 있을 정도의 우울감(슬픔이나 절망감 등)을 경험한 사람의 분율","","","","","","","","","","","","","","","",""
"","","","분자","최근 1년 동안 연속적으로 2주 이상 일상생활에 지장이 있을 정도의 우울감(슬픔이나 절망감 등)을 경험한 사람의 수","","","","","","","","","","","","","","","",""
"","","","분모","조사대상 응답자 수","","","","","","","","","","","","","","","",""
"","","","비고","%","","","","","","","","","","","","","","","",""
"","","","","","","","","","","","","","","","","","","","",""
"","","","","","","","","","","","","","","","","","","","",""
"","","","","","","","","","","","","","","","","","","","",""
"","","","","","","","","","","","","","","","","","","","",""
"부록표 1-18. 시·도별 성·연령별 우울감 경험률 추이","","","","","","","","","","","","","","","","","","","","(단위: %(표준오차))"
"구분","","","2008","2009","2010","2011","2012","2013","2014","2015","2016","2017","2018","2019","2020","2021","2022","2023","2024","95% CI"
"서울","N","(명)","21,916","23,171","22,871","23,109","23,055","23,135","23,024","22,995","22,933","22,945","22,903","22,909","22,912","22,923","22,941","22,928","22,904",""
"","전체","(조율)","8.2(0.2)","7.9(0.2)","6.8(0.2)","7.0(0.2)","6.8(0.2)","7.1(0.2)","8.3(0.2)","7.9(0.2)","7.0(0.2)","7.2(0.2)","5.1(0.2)","6.5(0.2)","6.3(0.2)","7.0(0.2)","7.3(0.2)","8.4(0.2)","7.5(0.2)","7.1-7.9"
"","","(표준화율)","8.1(0.2)","7.8(0.2)","6.7(0.2)","6.9(0.2)","6.7(0.2)","7.0(0.2)","8.1(0.2)","7.8(0.2)","6.9(0.2)","7.1(0.2)","4.9(0.2)","6.5(0.2)","6.3(0.2)","6.8(0.2)","7.1(0.2)","8.3(0.2)","7.3(0.2)","6.9-7.8"
"","남","","5.3(0.2)","5.3(0.2)","4.6(0.2)","4.9(0.2)","4.9(0.2)","5.0(0.2)","6.2(0.3)","6.0(0.3)","5.4(0.2)","5.6(0.2)","3.6(0.2)","5.0(0.2)","4.8(0.2)","5.2(0.2)","5.3(0.2)","6.3(0.3)","6.0(0.3)","5.5-6.5"
"","여","","10.9(0.3)","10.3(0.3)","9.0(0.3)","9.1(0.3)","8.7(0.3)","9.1(0.3)","10.3(0.3)","9.7(0.3)","8.4(0.3)","8.7(0.3)","6.4(0.2)","8.0(0.3)","7.7(0.3)","8.6(0.3)","9.1(0.3)","10.2(0.3)","8.8(0.3)","8.3-9.4"
"","19-29","","6.2(0.4)","6.6(0.4)","6.1(0.4)","6.9(0.5)","7.5(0.5)","6.2(0.4)","7.2(0.4)","8.0(0.5)","7.7(0.5)","7.9(0.5)","4.7(0.4)","7.4(0.5)","7.3(0.5)","7.1(0.5)","8.1(0.5)","8.8(0.5)","7.9(0.5)","6.9-9.0"
"","30-39","","7.2(0.4)","6.4(0.4)","5.6(0.3)","5.6(0.4)","5.4(0.3)","6.5(0.4)","7.6(0.4)","7.1(0.4)","6.4(0.4)","6.4(0.4)","4.6(0.4)","6.1(0.4)","6.8(0.5)","5.7(0.4)","7.0(0.4)","8.0(0.5)","7.2(0.5)","6.3-8.1"
"","40-49","","8.0(0.4)","7.2(0.4)","6.7(0.4)","6.3(0.4)","5.7(0.4)","6.8(0.4)","7.3(0.4)","7.6(0.4)","6.0(0.4)","6.6(0.4)","4.8(0.4)","5.7(0.4)","5.1(0.4)","6.7(0.4)","6.1(0.4)","7.9(0.5)","6.5(0.5)","5.6-7.4"
"","50-59","","9.3(0.6)","9.4(0.5)","7.9(0.5)","7.2(0.4)","7.6(0.4)","6.8(0.4)","8.8(0.5)","8.3(0.5)","6.5(0.4)","7.2(0.4)","4.8(0.4)","6.4(0.4)","6.5(0.4)","7.5(0.4)","6.5(0.4)","8.6(0.5)","7.4(0.4)","6.6-8.3"
"","60-69","","10.7(0.7)","10.3(0.6)","7.3(0.5)","8.9(0.6)","8.0(0.5)","9.1(0.6)","10.1(0.6)","8.4(0.5)","7.6(0.5)","7.1(0.5)","5.6(0.4)","6.5(0.4)","6.1(0.4)","7.0(0.4)","8.1(0.5)","7.7(0.4)","7.5(0.4)","6.7-8.3"
"","70이상","","12.4(0.9)","11.8(0.8)","9.6(0.7)","10.4(0.7)","8.7(0.6)","9.2(0.6)","10.9(0.6)","8.8(0.6)","8.6(0.6)","8.6(0.6)","6.6(0.5)","7.3(0.4)","5.9(0.4)","8.0(0.5)","8.3(0.5)","9.1(0.5)","8.4(0.4)","7.5-9.2"
"부산","N","(명)","14,272","15,071","14,663","14,639","14,611","14,599","14,577","14,597","14,530","14,521","14,515","14,509","14,502","14,508","14,511","14,511","14,515",""
"","전체","(조율)","6.9(0.3)","6.3(0.2)","4.9(0.2)","5.5(0.2)","5.1(0.2)","4.9(0.2)","6.3(0.2)","5.5(0.2)","6.1(0.2)","6.4(0.2)","6.7(0.3)","6.1(0.2)","5.9(0.2)","7.1(0.2)","8.3(0.3)","8.2(0.3)","6.8(0.2)","6.3-7.2"
"","","(표준화율)","6.8(0.2)","6.1(0.2)","4.8(0.2)","5.4(0.2)","4.9(0.2)","4.8(0.2)","5.8(0.2)","5.2(0.2)","5.8(0.2)","6.0(0.2)","6.0(0.2)","5.5(0.2)","5.7(0.3)","6.9(0.3)","7.5(0.3)","7.7(0.3)","6.3(0.3)","5.8-6.8"
"","남","","5.5(0.3)","4.3(0.3)","3.4(0.3)","3.9(0.3)","3.7(0.3)","3.6(0.3)","4.5(0.3)","4.2(0.3)","4.2(0.3)","4.9(0.3)","4.9(0.3)","4.6(0.3)","4.6(0.3)","5.0(0.3)","6.3(0.3)","6.2(0.4)","4.9(0.3)","4.3-5.5"
"","여","","8.4(0.4)","8.3(0.3)","6.3(0.3)","7.1(0.3)","6.5(0.3)","6.2(0.3)","8.1(0.4)","6.8(0.3)","7.8(0.3)","7.9(0.3)","8.4(0.4)","7.6(0.4)","7.1(0.3)","9.0(0.4)","10.2(0.4)","10.0(0.4)","8.5(0.4)","7.8-9.2"
"","19-29","","5.8(0.6)","4.3(0.4)","4.7(0.6)","4.8(0.5)","3.6(0.5)","4.0(0.5)","4.9(0.5)","4.7(0.5)","5.5(0.5)","5.0(0.5)","4.5(0.5)","3.9(0.5)","6.2(0.6)","7.0(0.7)","5.4(0.7)","6.6(0.8)","5.4(0.7)","4.0-6.8"
"","30-39","","6.1(0.5)","5.4(0.5)","3.7(0.4)","4.7(0.5)","4.5(0.5)","4.4(0.5)","4.1(0.5)","4.0(0.4)","5.5(0.5)","5.7(0.6)","4.9(0.6)","4.9(0.6)","5.6(0.6)","6.9(0.7)","7.0(0.7)","7.3(0.7)","5.8(0.7)","4.5-7.2"
"","40-49","","5.9(0.5)","5.9(0.5)","4.0(0.4)","5.4(0.5)","4.3(0.5)","4.3(0.5)","5.0(0.5)","4.9(0.5)","4.5(0.5)","5.1(0.5)","5.2(0.5)","4.7(0.5)","4.8(0.5)","6.2(0.6)","7.3(0.7)","7.7(0.6)","6.3(0.6)","5.2-7.4"
"","50-59","","7.9(0.6)","7.6(0.5)","5.0(0.4)","5.5(0.4)","5.1(0.4)","5.2(0.5)","6.2(0.5)","5.8(0.5)","5.8(0.5)","6.9(0.5)","7.7(0.6)","6.6(0.6)","5.8(0.5)","6.2(0.5)","8.4(0.7)","7.8(0.6)","6.6(0.5)","5.6-7.6"
"","60-69","","9.5(0.8)","7.9(0.8)","6.7(0.6)","7.4(0.6)","6.2(0.6)","6.3(0.6)","9.4(0.7)","6.3(0.6)","7.8(0.7)","7.4(0.6)","8.7(0.6)","7.9(0.6)","6.6(0.5)","7.8(0.5)","8.7(0.5)","8.8(0.5)","6.3(0.5)","5.4-7.2"
"","70이상","","9.1(1.0)","9.2(0.9)","7.3(0.8)","6.6(0.7)","9.5(0.8)","6.4(0.6)","11.3(0.8)","8.9(0.7)","8.7(0.8)","9.3(0.7)","9.5(0.7)","9.0(0.6)","6.6(0.5)","8.6(0.6)","12.3(0.6)","10.5(0.6)","9.7(0.6)","8.6-10.9"
"대구","N","(명)","6,977","7,335","7,300","7,327","7,326","7,334","7,332","7,328","7,302","7,310","7,302","7,289","7,317","7,326","7,314","8,183","8,170",""
"","전체","(조율)","7.4(0.4)","8.3(0.4)","5.5(0.3)","4.2(0.3)","5.7(0.3)","5.4(0.3)","5.7(0.4)","5.4(0.3)","5.0(0.3)","4.6(0.3)","3.5(0.2)","5.5(0.3)","5.2(0.3)","6.0(0.3)","6.2(0.3)","6.8(0.3)","5.6(0.3)","5.1-6.2"
"","","(표준화율)","7.2(0.3)","8.2(0.3)","5.4(0.3)","4.1(0.2)","5.6(0.3)","5.3(0.3)","5.4(0.3)","5.1(0.3)","4.9(0.3)","4.6(0.3)","3.4(0.2)","5.4(0.3)","5.4(0.3)","5.8(0.3)","6.1(0.3)","6.7(0.4)","5.4(0.3)","4.7-6.0"
"","남","","5.4(0.4)","6.2(0.4)","3.3(0.4)","2.6(0.3)","3.5(0.4)","3.5(0.3)","4.2(0.4)","3.6(0.3)","4.1(0.4)","3.1(0.4)","2.7(0.3)","4.0(0.4)","3.6(0.3)","4.3(0.4)","5.0(0.4)","5.7(0.4)","4.5(0.4)","3.8-5.3"
"","여","","9.2(0.6)","10.3(0.5)","7.7(0.5)","5.7(0.4)","7.9(0.5)","7.3(0.5)","7.2(0.5)","7.1(0.5)","5.8(0.4)","6.0(0.5)","4.3(0.3)","7.0(0.5)","6.8(0.5)","7.6(0.5)","7.3(0.4)","7.8(0.5)","6.7(0.4)","5.9-7.5"
"","19-29","","5.2(0.7)","7.9(0.8)","4.0(0.6)","3.0(0.5)","5.2(0.7)","4.4(0.7)","4.6(0.7)","4.4(0.7)","4.6(0.8)","5.3(0.8)","3.5(0.6)","5.0(0.8)","6.1(0.7)","6.1(0.8)","5.3(0.7)","5.2(0.7)","3.8(0.6)","2.5-5.0"
"","30-39","","5.3(0.6)","6.3(0.7)","4.7(0.6)","4.6(0.7)","4.7(0.6)","4.9(0.5)","4.3(0.6)","4.5(0.6)","5.8(0.8)","4.4(0.8)","2.5(0.5)","5.0(0.8)","5.2(0.7)","5.0(0.8)","5.4(1.0)","6.7(1.0)","6.2(0.9)","4.5-7.8"
"","40-49","","6.9(0.7)","8.2(0.7)","5.6(0.6)","4.0(0.5)","4.8(0.6)","4.8(0.7)","4.8(0.6)","4.4(0.7)","3.5(0.5)","3.6(0.6)","3.5(0.5)","5.3(0.7)","5.7(0.7)","5.5(0.7)","7.3(0.8)","7.8(0.7)","4.9(0.7)","3.5-6.2"
"","50-59","","7.3(0.9)","8.9(0.8)","6.0(0.7)","4.6(0.6)","5.5(0.6)","5.6(0.7)","6.1(0.7)","6.3(0.7)","5.6(0.8)","3.9(0.6)","4.2(0.6)","4.7(0.6)","5.1(0.7)","6.3(0.7)","6.0(0.7)","6.0(0.7)","6.4(0.7)","5.0-7.8"
"","60-69","","11.9(1.4)","9.0(1.1)","7.4(0.8)","4.6(0.8)","6.6(0.8)","7.0(1.0)","8.1(0.9)","6.8(0.9)","5.2(0.7)","4.7(0.7)","3.4(0.5)","6.9(0.8)","5.7(0.9)","6.4(0.8)","5.9(0.6)","6.9(0.7)","5.5(0.6)","4.2-6.8"
"","70이상","","14.8(1.5)","13.1(1.5)","7.6(0.9)","4.9(1.0)","10.9(1.4)","7.7(1.0)","8.9(1.2)","7.2(1.1)","5.9(0.7)","6.9(1.0)","3.9(0.5)","7.1(0.9)","3.1(0.6)","6.7(0.7)","7.0(0.8)","8.0(0.9)","6.9(0.7)","5.6-8.3"
"인천","N","(명)","8,284","9,024","9,048","9,028","9,000","9,022","9,004","9,012","8,977","8,982","8,977","8,972","8,975","8,975","8,976","8,977","8,975",""
"","전체","(조율)","8.7(0.4)","9.9(0.4)","6.0(0.3)","5.2(0.3)","5.6(0.3)","7.7(0.3)","8.5(0.4)","8.1(0.4)","7.2(0.3)","7.5(0.4)","8.4(0.4)","7.6(0.4)","8.0(0.4)","9.4(0.4)","8.3(0.4)","6.9(0.3)","6.9(0.3)","6.3-7.5"
"","","(표준화율)","8.8(0.4)","9.8(0.4)","6.0(0.3)","5.2(0.3)","5.6(0.3)","7.5(0.3)","8.3(0.3)","7.9(0.3)","6.9(0.3)","7.2(0.3)","8.1(0.3)","7.6(0.3)","7.9(0.4)","8.8(0.4)","8.0(0.4)","6.5(0.3)","6.4(0.3)","5.7-7.0"
"","남","","5.4(0.5)","7.5(0.4)","4.1(0.4)","3.8(0.4)","3.6(0.4)","5.9(0.4)","5.9(0.5)","5.7(0.5)","4.5(0.4)","5.4(0.4)","6.1(0.4)","5.5(0.4)","6.4(0.5)","7.2(0.4)","6.2(0.5)","5.3(0.4)","5.5(0.5)","4.6-6.4"
"","여","","12.1(0.7)","12.2(0.5)","8.0(0.5)","6.6(0.4)","7.6(0.4)","9.4(0.5)","11.2(0.5)","10.4(0.5)","10.0(0.5)","9.5(0.6)","10.6(0.5)","9.8(0.5)","9.7(0.5)","11.6(0.5)","10.5(0.6)","8.5(0.5)","8.2(0.4)","7.4-9.0"
"","19-29","","6.7(0.9)","6.4(0.6)","4.6(0.7)","5.2(0.7)","6.0(0.9)","5.9(0.7)","5.6(0.7)","6.1(0.8)","4.9(0.7)","6.7(0.8)","7.0(0.8)","6.7(0.8)","6.7(0.8)","8.3(1.0)","7.3(1.0)","5.4(0.8)","4.9(0.7)","3.5-6.2"
"","30-39","","6.7(0.7)","7.1(0.6)","5.4(0.6)","5.0(0.6)","4.8(0.6)","7.1(0.9)","7.0(0.7)","7.4(0.7)","5.5(0.6)","7.2(0.7)","7.4(0.8)","8.0(0.8)","7.8(1.0)","7.0(0.9)","7.1(0.8)","5.7(0.7)","5.8(0.8)","4.2-7.3"
"","40-49","","8.6(0.8)","10.2(0.8)","4.7(0.5)","5.3(0.6)","4.5(0.5)","5.5(0.6)","8.8(0.8)","7.6(0.7)","6.5(0.6)","5.1(0.7)","6.9(0.7)","6.8(0.7)","8.4(0.8)","7.9(0.8)","7.5(0.9)","6.1(0.7)","6.2(0.8)","4.6-7.9"
"","50-59","","10.6(1.2)","11.9(1.2)","7.9(0.7)","5.2(0.6)","5.9(0.8)","9.0(0.8)","9.1(0.8)","7.8(0.7)","8.6(0.8)","8.5(0.9)","9.9(0.9)","6.1(0.7)","8.3(0.7)","10.2(1.0)","8.2(0.9)","7.2(0.7)","7.0(0.7)","5.7-8.3"
"","60-69","","12.1(1.3)","14.2(1.4)","7.1(1.1)","5.9(1.1)","6.7(0.8)","11.2(1.2)","9.5(1.1)","10.6(1.2)","8.7(0.9)","9.0(1.0)","10.0(1.0)","10.3(1.2)","9.9(1.0)","11.1(0.9)","9.5(0.9)","7.5(0.7)","8.6(0.8)","7.1-10.2"
"","70이상","","14.4(1.5)","17.8(1.8)","10.8(1.3)","4.2(0.8)","8.6(1.2)","11.8(1.3)","15.6(1.5)","12.4(1.4)","12.3(1.2)","10.5(1.1)","10.5(1.1)","10.1(1.0)","6.9(0.9)","13.2(1.1)","11.3(0.9)","10.7(0.9)","9.0(0.7)","7.6-10.5"
"광주","N","(명)","4,431","4,824","4,647","4,632","4,646","4,643","4,619","4,600","4,596","4,582","4,564","4,567","4,615","4,602","4,564","4,566","4,566",""
"","전체","(조율)","8.8(0.6)","7.0(0.4)","5.0(0.3)","5.4(0.4)","6.1(0.4)","4.7(0.3)","6.5(0.4)","5.0(0.4)","4.7(0.3)","5.5(0.4)","4.5(0.3)","5.5(0.4)","4.6(0.4)","6.8(0.4)","6.5(0.4)","7.5(0.4)","5.6(0.4)","4.9-6.4"
"","","(표준화율)","8.7(0.5)","7.0(0.4)","5.0(0.3)","5.4(0.4)","6.1(0.4)","4.6(0.3)","6.4(0.4)","5.0(0.4)","4.6(0.3)","5.4(0.4)","4.5(0.3)","5.4(0.4)","4.5(0.3)","6.3(0.4)","6.3(0.4)","7.0(0.4)","5.0(0.4)","4.3-5.7"
"","남","","5.9(0.7)","4.7(0.5)","3.3(0.4)","3.5(0.4)","4.1(0.5)","3.3(0.5)","4.7(0.4)","4.0(0.4)","3.8(0.4)","3.4(0.4)","3.3(0.4)","4.2(0.5)","3.1(0.4)","5.7(0.5)","4.9(0.5)","5.5(0.5)","4.1(0.4)","3.2-4.9"
"","여","","11.5(0.7)","9.3(0.6)","6.7(0.5)","7.2(0.6)","8.0(0.6)","5.9(0.4)","8.2(0.6)","6.0(0.5)","5.6(0.5)","7.5(0.6)","5.7(0.5)","6.7(0.5)","6.0(0.5)","7.9(0.6)","8.0(0.6)","9.5(0.6)","7.2(0.6)","5.9-8.4"
"","19-29","","8.7(1.5)","6.0(1.0)","5.3(0.7)","6.7(0.9)","5.1(0.9)","4.1(0.8)","5.4(0.8)","5.7(0.9)","5.6(0.8)","5.4(0.9)","5.6(0.9)","4.4(0.8)","4.1(0.7)","6.6(0.9)","5.2(0.9)","5.9(0.8)","4.2(0.7)","2.8-5.7"
"","30-39","","6.9(0.9)","5.8(0.8)","4.1(0.7)","4.9(0.8)","5.3(0.9)","4.1(0.7)","6.8(0.8)","4.4(0.8)","3.9(0.7)","5.1(0.8)","3.3(0.6)","6.2(0.9)","4.7(1.1)","4.1(0.8)","5.8(0.9)","5.6(0.8)","3.4(0.9)","1.7-5.1"
"","40-49","","9.4(1.1)","6.4(0.8)","3.8(0.5)","4.9(0.8)","6.6(0.8)","5.1(0.7)","5.2(0.6)","5.8(0.8)","4.0(0.6)","4.0(0.6)","4.0(0.7)","4.4(0.8)","4.5(0.7)","5.8(0.9)","6.0(0.8)","7.1(0.8)","3.8(0.7)","2.4-5.3"
"","50-59","","9.1(1.1)","7.8(0.9)","4.9(0.7)","3.8(0.7)","5.2(0.9)","5.3(0.8)","6.8(0.9)","4.2(0.7)","5.3(0.7)","7.8(1.0)","3.7(0.6)","5.3(0.9)","4.4(0.6)","7.4(1.0)","7.3(1.0)","7.3(0.9)","7.8(1.1)","5.6-9.9"
"","60-69","","11.0(1.4)","10.1(1.3)","7.3(1.2)","7.4(1.0)","8.6(1.2)","3.3(0.9)","9.7(1.5)","4.2(0.8)","4.8(0.9)","5.0(0.9)","6.6(0.9)","8.4(1.2)","4.2(0.7)","7.6(1.1)","6.8(0.8)","8.8(1.0)","5.8(0.7)","4.3-7.2"
"","70이상","","9.9(1.4)","10.4(1.3)","7.9(1.3)","5.2(1.0)","8.5(1.3)","6.7(1.1)","6.9(0.9)","5.7(0.9)","4.8(0.9)","5.9(1.1)","4.5(0.8)","5.5(0.9)","6.3(1.1)","10.7(1.3)","8.3(1.1)","11.3(1.4)","8.9(0.9)","7.0-10.7"
"대전","N","(명)","4,095","4,587","4,581","4,585","4,583","4,586","4,592","4,590","4,570","4,577","4,575","4,577","4,578","4,609","4,593","4,588","4,593",""
"","전체","(조율)","6.9(0.4)","7.6(0.5)","6.1(0.4)","4.2(0.3)","4.4(0.4)","7.0(0.4)","6.1(0.4)","7.7(0.4)","7.4(0.4)","5.4(0.4)","4.7(0.3)","4.2(0.3)","4.8(0.3)","6.7(0.4)","7.0(0.5)","8.3(0.5)","6.1(0.4)","5.3-6.9"
"","","(표준화율)","6.8(0.4)","7.6(0.4)","6.0(0.4)","4.3(0.3)","4.3(0.3)","6.8(0.4)","5.9(0.4)","7.6(0.4)","7.4(0.5)","5.6(0.4)","4.7(0.4)","4.2(0.3)","4.8(0.4)","6.5(0.4)","6.7(0.4)","7.9(0.4)","5.9(0.4)","5.1-6.7"
"","남","","4.9(0.6)","6.6(0.6)","4.2(0.5)","2.8(0.4)","3.2(0.4)","4.7(0.5)","4.4(0.5)","5.9(0.6)","5.4(0.6)","4.6(0.6)","3.4(0.4)","2.7(0.4)","3.5(0.4)","5.0(0.5)","5.6(0.6)","6.2(0.5)","4.8(0.5)","3.9-5.7"
"","여","","8.8(0.6)","8.5(0.6)","7.9(0.6)","5.7(0.5)","5.5(0.6)","9.3(0.6)","7.8(0.5)","9.5(0.7)","9.3(0.7)","6.2(0.5)","6.0(0.5)","5.8(0.5)","6.1(0.6)","8.4(0.6)","8.4(0.6)","10.3(0.7)","7.3(0.6)","6.2-8.5"
"","19-29","","4.6(1.0)","6.0(0.9)","4.5(0.9)","3.4(0.6)","5.0(0.9)","5.7(0.8)","4.8(0.9)","7.6(1.1)","7.7(1.0)","8.4(1.2)","4.3(0.7)","4.2(0.9)","4.3(0.8)","3.9(0.8)","5.7(1.0)","7.2(1.0)","5.6(1.0)","3.7-7.6"
"","30-39","","6.4(0.8)","5.6(0.7)","4.9(0.8)","4.9(0.8)","3.2(0.5)","5.4(0.8)","5.2(0.8)","6.9(0.9)","7.2(1.1)","5.9(0.9)","5.0(1.0)","3.9(0.7)","4.8(0.8)","6.3(0.9)","5.6(0.9)","6.5(1.1)","5.6(0.9)","3.9-7.3"
"","40-49","","7.8(0.9)","6.5(1.0)","5.2(0.9)","3.6(0.6)","4.0(0.7)","7.6(1.1)","5.1(0.8)","6.3(0.9)","6.3(1.0)","4.4(0.7)","4.8(0.9)","4.0(0.7)","4.8(0.8)","7.9(1.0)","7.0(1.0)","7.4(1.0)","5.2(0.9)","3.5-6.9"
"","50-59","","8.5(1.4)","9.0(1.1)","8.4(1.0)","3.9(0.7)","4.9(0.8)","8.6(1.0)","7.2(0.9)","8.3(1.0)","6.1(0.8)","4.3(0.6)","3.9(0.7)","4.3(0.7)","5.8(0.8)","7.1(1.1)","5.9(0.8)","9.8(1.1)","6.3(0.9)","4.5-8.0"
"","60-69","","7.1(1.3)","11.8(1.7)","8.9(1.2)","5.4(1.0)","5.9(1.4)","7.1(1.1)","7.5(1.2)","9.4(1.3)","9.0(1.3)","3.4(0.7)","4.4(0.7)","4.8(0.8)","4.9(0.8)","7.1(0.9)","10.0(1.1)","10.1(1.1)","5.8(1.0)","3.8-7.7"
"","70이상","","8.4(1.2)","14.0(2.2)","8.5(1.4)","6.3(1.6)","3.9(0.8)","8.8(1.5)","10.1(1.5)","9.8(1.3)","10.2(1.4)","5.5(1.1)","6.5(1.0)","4.2(0.7)","4.2(0.7)","8.7(1.1)","8.9(1.0)","8.7(1.2)","8.5(1.2)","6.1-10.8"
"울산","N","(명)","4,507","4,604","4,568","4,568","4,594","4,574","4,577","4,567","4,553","4,549","4,552","4,551","4,555","4,554","4,554","4,554","4,550",""
"","전체","(조율)","5.4(0.4)","5.3(0.4)","5.4(0.3)","3.6(0.3)","3.0(0.3)","3.6(0.3)","5.3(0.4)","4.8(0.3)","3.8(0.3)","4.4(0.3)","4.7(0.4)","5.4(0.4)","5.4(0.4)","6.5(0.4)","8.1(0.5)","8.6(0.5)","7.5(0.4)","6.7-8.4"
"","","(표준화율)","5.6(0.4)","5.4(0.3)","5.5(0.3)","3.7(0.3)","3.1(0.3)","3.6(0.3)","5.3(0.4)","4.8(0.4)","3.8(0.3)","4.4(0.3)","4.8(0.4)","5.4(0.4)","5.5(0.4)","6.3(0.4)","7.8(0.5)","8.6(0.5)","7.2(0.4)","6.3-8.0"
"","남","","3.6(0.5)","3.7(0.4)","3.7(0.4)","1.7(0.3)","1.9(0.3)","2.7(0.4)","4.0(0.5)","2.5(0.4)","2.1(0.4)","2.5(0.4)","3.3(0.4)","3.4(0.5)","4.1(0.4)","4.4(0.5)","6.2(0.6)","7.5(0.6)","5.0(0.5)","4.1-6.0"
"","여","","7.3(0.7)","6.8(0.5)","7.2(0.5)","5.5(0.5)","4.2(0.4)","4.6(0.4)","6.7(0.6)","7.3(0.5)","5.6(0.5)","6.3(0.5)","6.1(0.6)","7.4(0.6)","6.9(0.5)","8.7(0.7)","10.0(0.7)","9.8(0.6)","10.2(0.7)","8.9-11.5"
"","19-29","","2.6(0.7)","4.1(0.7)","3.1(0.7)","2.8(0.7)","2.6(0.7)","3.2(0.7)","4.4(0.9)","3.9(0.8)","3.2(0.7)","3.7(0.9)","5.9(1.0)","5.6(1.0)","5.1(0.9)","5.2(0.9)","6.4(1.4)","9.8(1.6)","6.1(1.1)","4.0-8.2"
"","30-39","","5.1(0.8)","4.4(0.7)","5.3(0.7)","2.7(0.6)","2.6(0.5)","3.6(0.7)","6.0(0.9)","5.0(0.8)","4.2(0.6)","3.8(0.7)","4.4(0.8)","4.6(0.8)","5.9(1.0)","6.5(1.0)","7.2(1.0)","7.7(1.1)","6.1(0.9)","4.4-7.9"
"","40-49","","4.8(0.9)","4.8(0.7)","4.8(0.7)","2.5(0.5)","2.9(0.6)","2.5(0.5)","4.9(0.7)","4.3(0.7)","2.9(0.6)","4.3(0.7)","3.8(0.7)","5.1(0.9)","5.3(0.8)","5.4(0.8)","7.4(1.1)","8.5(1.1)","6.3(0.9)","4.6-8.1"
"","50-59","","6.2(1.1)","6.7(0.9)","6.1(0.9)","4.4(0.6)","2.9(0.6)","4.0(0.7)","5.2(0.9)","5.5(0.8)","3.9(0.7)","4.6(0.7)","4.4(0.7)","4.3(0.6)","5.5(0.8)","6.0(0.9)","6.1(0.8)","7.5(0.9)","8.6(1.0)","6.6-10.5"
"","60-69","","9.9(1.5)","7.6(1.2)","10.5(1.3)","5.7(1.1)","3.3(0.8)","4.2(0.9)","5.1(1.0)","5.7(1.1)","4.4(1.0)","5.5(1.1)","5.3(0.9)","7.1(1.0)","5.7(0.8)","8.1(1.1)","9.9(1.0)","8.7(0.9)","7.0(0.9)","5.3-8.7"
"","70이상","","12.3(2.0)","8.0(1.7)","7.9(1.7)","9.0(1.7)","6.5(1.6)","6.6(1.4)","7.5(1.4)","5.1(1.2)","5.3(1.2)","5.0(1.1)","5.0(1.2)","7.1(1.0)","5.1(0.9)","9.1(1.2)","14.4(1.6)","10.2(1.3)","11.7(1.5)","8.6-14.7"
"세종","N","(명)","","","","","925","922","934","924","922","919","917","915","912","919","917","920","920",""
"","전체","(조율)","","","","","4.4(0.9)","5.2(0.8)","7.4(1.0)","7.7(1.0)","5.0(0.8)","7.1(1.0)","6.3(0.9)","4.7(0.9)","6.1(0.8)","6.4(0.9)","4.1(0.7)","9.2(1.0)","7.5(1.0)","5.5-9.5"
"","","(표준화율)","","","","","4.7(0.9)","4.9(0.8)","6.9(0.9)","7.5(1.1)","4.9(0.7)","7.7(1.2)","6.1(0.8)","4.9(0.9)","6.1(0.8)","6.6(1.0)","4.1(0.7)","8.8(1.1)","7.4(0.9)","5.6-9.2"
"","남","","","","","","3.6(1.1)","2.9(0.9)","6.1(1.4)","5.4(1.2)","2.2(0.7)","5.4(1.2)","3.7(1.1)","3.5(0.9)","4.0(0.9)","4.3(1.0)","2.3(0.7)","6.8(1.4)","4.8(1.0)","2.8-6.8"
"","여","","","","","","5.1(1.3)","7.5(1.2)","8.8(1.3)","10.0(1.5)","7.8(1.3)","8.8(1.5)","8.9(1.3)","5.9(1.3)","8.2(1.4)","8.6(1.5)","5.8(1.1)","11.5(1.7)","10.2(1.6)","7.2-13.3"
"","19-29","","","","","","4.5(2.6)","6.4(2.6)","6.2(2.7)","5.6(2.6)","3.1(1.7)","14.0(4.9)","3.2(1.6)","8.7(3.1)","5.7(2.0)","8.5(3.0)","3.7(1.8)","5.9(2.2)","6.2(2.5)","1.2-11.2"
"","30-39","","","","","","5.8(1.8)","3.4(1.4)","4.3(1.4)","6.8(2.7)","2.9(1.0)","6.0(1.7)","3.6(1.6)","2.0(1.1)","2.9(1.3)","6.1(2.1)","3.6(1.5)","8.8(2.1)","8.6(2.2)","4.2-12.9"
"","40-49","","","","","","6.1(2.2)","1.8(0.9)","5.1(1.5)","8.7(2.5)","6.5(1.7)","3.2(1.2)","6.2(1.7)","5.5(1.4)","6.5(1.9)","1.5(0.8)","4.0(1.4)","10.3(2.4)","4.6(1.5)","1.8-7.5"
"","50-59","","","","","","1.0(0.7)","5.1(1.7)","9.2(2.7)","6.0(1.9)","4.0(1.6)","5.2(2.1)","6.3(2.2)","2.5(1.3)","7.0(1.9)","6.1(2.2)","3.8(1.3)","6.4(1.8)","5.8(1.8)","2.3-9.4"
"","60-69","","","","","","3.6(1.9)","8.4(2.4)","10.4(3.7)","9.0(2.9)","8.6(2.3)","8.3(2.4)","10.4(3.0)","3.9(1.4)","7.5(2.0)","11.8(3.6)","4.8(1.7)","13.2(4.0)","13.5(2.3)","8.9-18.1"
"","70이상","","","","","","5.1(2.0)","8.6(2.1)","12.9(3.0)","12.0(2.9)","8.1(2.2)","12.1(3.9)","15.6(4.0)","7.8(2.4)","11.4(3.2)","12.0(3.1)","5.5(3.7)","12.3(3.1)","10.9(2.6)","5.8-16.0"
"경기","N","(명)","38,335","41,369","41,168","41,153","41,246","41,222","41,189","41,167","41,019","40,991","40,943","41,858","41,975","41,887","43,643","43,642","43,633",""
"","전체","(조율)","9.2(0.2)","8.2(0.2)","5.8(0.1)","6.2(0.1)","5.5(0.1)","6.5(0.1)","7.0(0.1)","6.3(0.1)","6.6(0.1)","6.9(0.2)","6.4(0.2)","6.7(0.1)","6.2(0.1)","7.2(0.2)","7.3(0.1)","7.8(0.2)","7.1(0.1)","6.8-7.4"
"","","(표준화율)","9.2(0.2)","8.2(0.2)","5.8(0.1)","6.2(0.1)","5.4(0.1)","6.5(0.1)","6.9(0.1)","6.3(0.1)","6.5(0.1)","6.9(0.2)","6.2(0.1)","6.5(0.1)","6.3(0.1)","7.1(0.1)","7.1(0.1)","7.7(0.2)","6.9(0.1)","6.6-7.2"
"","남","","6.5(0.2)","5.9(0.2)","3.7(0.2)","4.4(0.2)","3.6(0.2)","4.4(0.2)","4.8(0.2)","4.4(0.2)","4.4(0.2)","4.8(0.2)","4.7(0.2)","4.8(0.2)","4.6(0.2)","5.6(0.2)","5.6(0.2)","6.2(0.2)","5.6(0.2)","5.3-6.0"
"","여","","11.8(0.3)","10.4(0.2)","7.8(0.2)","8.0(0.2)","7.3(0.2)","8.7(0.2)","9.2(0.2)","8.1(0.2)","8.7(0.2)","9.1(0.2)","8.2(0.2)","8.5(0.2)","7.9(0.2)","8.9(0.2)","9.0(0.2)","9.6(0.2)","8.6(0.2)","8.2-9.1"
"","19-29","","7.6(0.5)","6.9(0.4)","5.1(0.3)","5.5(0.3)","4.4(0.3)","5.8(0.3)","6.0(0.3)","5.8(0.3)","6.2(0.4)","7.4(0.4)","5.1(0.3)","5.4(0.3)","6.5(0.3)","6.0(0.3)","5.8(0.3)","6.8(0.4)","5.7(0.3)","5.1-6.4"
"","30-39","","8.0(0.3)","7.3(0.3)","4.9(0.2)","5.4(0.3)","4.8(0.3)","5.6(0.3)","6.4(0.3)","6.4(0.3)","6.3(0.3)","5.8(0.3)","6.0(0.3)","6.1(0.3)","6.2(0.3)","6.9(0.3)","6.6(0.3)","7.6(0.4)","6.5(0.4)","5.8-7.2"
"","40-49","","9.5(0.4)","7.9(0.3)","5.8(0.3)","5.8(0.3)","5.2(0.3)","5.8(0.3)","6.8(0.3)","5.2(0.3)","5.3(0.3)","6.5(0.3)","5.8(0.3)","6.3(0.3)","6.0(0.3)","6.9(0.3)","7.2(0.3)","7.9(0.3)","7.2(0.3)","6.6-7.9"
"","50-59","","9.7(0.5)","9.4(0.4)","6.2(0.3)","7.3(0.3)","6.2(0.3)","7.1(0.3)","7.2(0.3)","6.7(0.3)","6.9(0.3)","6.9(0.3)","6.5(0.3)","6.7(0.3)","6.1(0.3)","7.3(0.3)","7.3(0.3)","7.1(0.3)","6.7(0.3)","6.1-7.3"
"","60-69","","11.9(0.7)","10.1(0.5)","7.0(0.4)","7.4(0.5)","7.6(0.5)","7.6(0.5)","8.3(0.5)","7.1(0.4)","7.4(0.4)","6.6(0.4)","7.6(0.4)","7.3(0.4)","6.3(0.3)","8.3(0.4)","8.1(0.4)","8.3(0.3)","7.9(0.3)","7.2-8.5"
"","70이상","","12.6(0.7)","10.8(0.6)","7.7(0.5)","7.8(0.5)","6.8(0.4)","10.1(0.6)","9.1(0.5)","8.1(0.5)","9.2(0.5)","9.8(0.5)","9.2(0.5)","9.6(0.4)","6.2(0.4)","8.8(0.4)","9.4(0.4)","10.3(0.5)","9.3(0.4)","8.5-10.1"
"강원","N","(명)","15,107","15,981","15,958","15,882","15,916","15,943","15,904","15,876","15,822","15,828","15,816","15,810","15,807","15,816","15,806","15,816","15,805",""
"","전체","(조율)","9.3(0.3)","9.3(0.3)","6.5(0.3)","4.7(0.3)","5.1(0.3)","5.8(0.3)","8.4(0.4)","6.3(0.3)","5.5(0.3)","7.1(0.3)","5.8(0.3)","5.9(0.3)","5.8(0.3)","7.6(0.4)","7.8(0.3)","9.0(0.4)","6.7(0.3)","6.1-7.2"
"","","(표준화율)","8.7(0.3)","9.1(0.3)","6.3(0.3)","4.5(0.3)","4.8(0.3)","5.8(0.3)","8.1(0.3)","6.1(0.3)","5.3(0.3)","6.8(0.4)","5.3(0.3)","5.7(0.4)","5.7(0.3)","7.2(0.4)","7.1(0.4)","8.6(0.4)","6.3(0.4)","5.6-7.1"
"","남","","6.5(0.4)","6.5(0.4)","4.3(0.4)","3.1(0.3)","3.0(0.3)","3.7(0.3)","5.7(0.4)","4.3(0.3)","3.6(0.3)","4.9(0.4)","3.6(0.3)","3.5(0.3)","3.9(0.3)","5.7(0.4)","5.4(0.4)","6.4(0.5)","4.5(0.4)","3.8-5.3"
"","여","","12.2(0.5)","12.0(0.5)","8.6(0.4)","6.2(0.4)","7.1(0.4)","8.0(0.4)","11.1(0.5)","8.3(0.5)","7.4(0.4)","9.2(0.5)","7.9(0.4)","8.4(0.5)","7.7(0.5)","9.5(0.6)","10.3(0.5)","11.7(0.5)","8.8(0.5)","7.9-9.7"
"","19-29","","5.9(0.9)","8.2(0.8)","5.8(0.8)","4.1(0.7)","4.4(0.7)","5.8(0.7)","6.4(0.7)","5.2(0.8)","5.7(0.8)","5.8(0.9)","3.5(0.7)","5.9(1.1)","6.0(0.9)","5.7(0.8)","7.0(1.1)","8.7(1.2)","4.9(1.0)","2.9-6.9"
"","30-39","","6.1(0.7)","8.2(0.7)","5.8(0.6)","3.8(0.5)","3.9(0.5)","5.3(0.7)","7.7(0.9)","5.1(0.5)","4.4(0.6)","7.3(0.9)","5.3(0.8)","5.3(0.9)","5.6(0.8)","8.0(1.0)","6.5(1.0)","7.7(1.1)","7.0(0.9)","5.1-8.8"
"","40-49","","8.8(0.7)","7.9(0.6)","4.9(0.5)","4.2(0.5)","4.3(0.5)","4.9(0.5)","8.2(0.7)","6.4(0.7)","5.0(0.7)","5.4(0.6)","4.9(0.7)","4.7(0.7)","4.7(0.6)","6.1(0.7)","5.2(0.7)","7.6(0.8)","5.7(0.7)","4.4-7.0"
"","50-59","","10.3(0.7)","11.8(0.9)","6.9(0.6)","4.8(0.5)","5.7(0.5)","4.7(0.5)","8.7(0.8)","6.3(0.6)","5.2(0.5)","7.6(0.7)","5.4(0.6)","5.6(0.5)","5.7(0.6)","7.2(0.9)","7.6(0.6)","9.5(0.8)","5.8(0.6)","4.7-6.9"
"","60-69","","14.2(0.9)","11.0(0.8)","7.4(0.8)","5.5(0.7)","6.3(0.7)","7.7(0.7)","10.1(0.9)","7.2(0.6)","5.7(0.8)","7.1(0.5)","8.0(0.8)","7.5(0.7)","7.1(0.7)","7.9(0.9)","9.6(0.7)","9.0(0.8)","8.0(0.6)","6.8-9.2"
"","70이상","","14.4(0.9)","9.5(0.8)","9.8(0.8)","6.3(0.6)","6.4(0.6)","8.0(0.6)","9.7(0.7)","8.0(0.8)","7.3(0.6)","9.3(0.6)","7.8(0.7)","6.8(0.5)","5.6(0.5)","10.3(0.7)","10.0(0.7)","11.0(0.7)","7.9(0.6)","6.8-9.1"
"충북","N","(명)","12,441","11,651","11,686","11,612","11,604","11,595","11,587","11,605","12,463","12,461","12,471","12,481","12,489","12,482","12,476","12,458","12,484",""
"","전체","(조율)","8.5(0.4)","6.0(0.3)","4.0(0.2)","4.1(0.2)","5.1(0.3)","6.9(0.3)","9.0(0.4)","7.8(0.4)","5.9(0.3)","6.1(0.3)","5.8(0.3)","6.8(0.3)","6.1(0.3)","7.6(0.3)","8.2(0.3)","7.7(0.3)","6.7(0.3)","6.2-7.3"
"","","(표준화율)","8.0(0.4)","5.6(0.3)","3.9(0.2)","4.0(0.2)","5.0(0.3)","6.9(0.4)","8.8(0.4)","7.9(0.4)","5.8(0.3)","5.7(0.3)","5.7(0.3)","6.4(0.3)","5.9(0.3)","7.3(0.3)","7.8(0.3)","7.5(0.4)","6.5(0.3)","5.9-7.1"
"","남","","6.2(0.5)","4.1(0.4)","2.0(0.2)","2.5(0.3)","3.4(0.3)","4.3(0.4)","6.4(0.4)","5.6(0.4)","4.0(0.4)","4.5(0.4)","4.0(0.3)","5.0(0.3)","4.7(0.4)","5.3(0.3)","6.7(0.4)","5.6(0.4)","5.0(0.3)","4.3-5.6"
"","여","","10.7(0.6)","7.8(0.4)","5.9(0.4)","5.7(0.4)","6.9(0.4)","9.5(0.5)","11.6(0.5)","10.0(0.5)","7.7(0.4)","7.6(0.4)","7.6(0.4)","8.5(0.4)","7.4(0.4)","10.0(0.5)","9.7(0.4)","9.9(0.5)","8.6(0.4)","7.7-9.4"
"","19-29","","5.2(0.8)","4.0(0.6)","3.3(0.6)","3.3(0.6)","4.8(0.7)","7.2(1.0)","8.9(1.0)","9.2(1.0)","5.7(0.7)","5.3(0.7)","4.6(0.7)","5.7(0.8)","5.7(0.7)","5.7(0.7)","6.7(0.8)","6.4(1.0)","6.3(0.8)","4.7-7.8"
"","30-39","","6.4(0.9)","4.2(0.6)","3.8(0.6)","3.3(0.5)","4.3(0.6)","5.8(0.8)","8.4(0.9)","7.7(0.8)","5.6(0.7)","4.4(0.6)","6.6(0.7)","5.8(0.8)","5.1(0.8)","7.1(0.9)","7.6(1.0)","6.4(0.8)","6.1(0.8)","4.6-7.6"
"","40-49","","7.5(0.7)","5.4(0.6)","3.2(0.5)","4.4(0.5)","5.0(0.6)","7.0(0.7)","6.7(0.7)","6.7(0.7)","4.6(0.6)","5.1(0.6)","4.6(0.6)","5.7(0.6)","6.0(0.6)","7.1(0.7)","7.8(0.7)","9.0(0.9)","5.6(0.6)","4.4-6.8"
"","50-59","","10.0(1.2)","6.4(0.7)","3.7(0.5)","4.1(0.5)","5.4(0.7)","6.9(0.7)","9.1(0.7)","7.1(0.7)","6.9(0.6)","7.0(0.6)","5.7(0.6)","7.2(0.6)","6.1(0.6)","7.8(0.6)","6.7(0.6)","6.8(0.7)","7.5(0.7)","6.2-8.8"
"","60-69","","12.2(1.3)","7.9(0.9)","5.7(0.9)","5.3(0.6)","5.7(0.7)","6.4(0.8)","10.5(0.9)","7.3(0.7)","6.4(0.8)","7.0(0.8)","6.5(0.7)","7.4(0.7)","6.7(0.6)","8.8(0.7)","9.4(0.7)","8.4(0.6)","6.7(0.6)","5.5-8.0"
"","70이상","","14.4(1.1)","11.0(1.0)","5.6(0.6)","5.1(0.6)","6.2(0.7)","8.2(0.8)","12.3(0.8)","9.5(0.7)","6.4(0.6)","7.9(0.6)","7.4(0.6)","9.2(0.7)","6.8(0.6)","9.1(0.7)","11.0(0.8)","9.1(0.7)","7.9(0.6)","6.7-9.1"
"충남","N","(명)","12,954","14,431","14,366","14,384","13,507","13,513","13,519","13,583","13,526","13,488","13,477","13,480","13,431","13,474","14,337","14,329","14,335",""
"","전체","(조율)","8.2(0.4)","6.9(0.3)","4.7(0.2)","4.7(0.3)","5.3(0.2)","6.2(0.3)","8.1(0.4)","6.8(0.3)","6.9(0.3)","7.7(0.4)","7.4(0.3)","6.6(0.3)","5.9(0.3)","8.4(0.4)","8.2(0.3)","8.6(0.3)","8.2(0.3)","7.5-8.8"
"","","(표준화율)","8.0(0.4)","6.8(0.3)","4.5(0.2)","4.7(0.3)","5.3(0.3)","6.0(0.3)","7.9(0.4)","6.6(0.3)","6.4(0.3)","7.6(0.4)","6.8(0.3)","6.5(0.3)","6.0(0.4)","8.1(0.4)","7.9(0.4)","8.3(0.4)","7.6(0.4)","6.9-8.3"
"","남","","6.2(0.5)","5.3(0.3)","3.1(0.2)","3.2(0.3)","3.4(0.3)","4.1(0.4)","6.0(0.5)","4.8(0.4)","5.0(0.4)","5.5(0.5)","4.9(0.4)","5.3(0.4)","4.7(0.4)","6.0(0.4)","6.1(0.4)","6.0(0.4)","6.1(0.4)","5.3-6.9"
"","여","","10.2(0.4)","8.4(0.4)","6.2(0.4)","6.2(0.4)","7.3(0.4)","8.3(0.5)","10.2(0.5)","8.9(0.5)","8.7(0.5)","10.0(0.6)","9.9(0.5)","8.0(0.5)","7.2(0.4)","10.9(0.6)","10.3(0.5)","11.5(0.5)","10.3(0.5)","9.3-11.2"
"","19-29","","5.0(0.8)","5.6(0.7)","3.5(0.5)","4.0(0.6)","5.2(0.7)","5.3(0.9)","8.6(1.1)","6.2(0.8)","5.7(0.7)","7.7(0.9)","5.3(0.9)","5.5(0.8)","5.9(0.9)","8.2(1.1)","7.5(1.1)","7.4(0.9)","7.8(1.0)","5.9-9.8"
"","30-39","","7.8(0.8)","6.9(0.7)","4.1(0.5)","4.6(0.6)","5.5(0.7)","4.5(0.7)","7.7(0.9)","5.8(0.8)","5.3(0.7)","6.7(0.9)","5.0(0.7)","7.8(0.9)","5.4(0.9)","6.5(0.8)","6.8(0.8)","7.7(0.9)","5.0(0.7)","3.7-6.3"
"","40-49","","9.6(1.3)","7.0(0.7)","4.6(0.5)","4.4(0.5)","4.4(0.6)","5.6(0.8)","6.4(0.7)","5.8(0.7)","6.7(0.9)","7.5(0.8)","6.9(0.7)","5.4(0.7)","6.8(1.0)","7.7(0.8)","8.5(0.8)","8.0(0.8)","7.5(0.9)","5.8-9.2"
"","50-59","","8.4(0.6)","6.2(0.6)","5.2(0.4)","5.3(0.7)","6.1(0.7)","7.0(0.8)","7.1(0.7)","7.0(0.6)","6.3(0.6)","6.2(0.8)","6.5(0.7)","5.4(0.6)","5.8(0.7)","8.6(1.0)","7.3(0.6)","8.7(0.8)","8.4(0.7)","7.1-9.7"
"","60-69","","8.3(0.7)","8.0(0.8)","5.2(0.5)","5.8(0.6)","5.5(0.6)","7.5(0.9)","7.8(0.7)","7.0(0.9)","6.2(0.7)","8.5(0.8)","10.6(1.1)","8.8(1.1)","5.0(0.5)","8.4(0.8)","8.5(0.6)","8.5(0.6)","8.8(0.6)","7.6-10.1"
"","70이상","","10.8(0.8)","8.4(0.7)","6.0(0.5)","4.5(0.5)","5.5(0.6)","8.3(0.6)","12.1(1.1)","9.9(0.8)","11.5(0.9)","10.4(0.9)","10.9(0.7)","7.6(0.5)","6.2(0.6)","10.6(0.8)","10.0(0.6)","11.0(0.6)","10.6(0.7)","9.2-11.9"
"전북","N","(명)","12,444","12,937","12,633","12,551","12,480","12,502","12,475","12,524","12,427","12,421","12,465","12,406","12,441","12,426","12,427","12,430","12,416",""
"","전체","(조율)","6.0(0.3)","5.5(0.3)","5.3(0.2)","3.3(0.2)","5.4(0.3)","5.9(0.3)","6.7(0.3)","4.6(0.3)","6.2(0.4)","6.8(0.3)","9.5(0.5)","7.1(0.4)","5.0(0.3)","8.0(0.4)","8.4(0.4)","9.8(0.5)","6.9(0.3)","6.3-7.6"
"","","(표준화율)","5.3(0.3)","5.1(0.3)","5.1(0.3)","3.2(0.3)","5.1(0.3)","5.8(0.4)","6.4(0.4)","4.4(0.3)","5.9(0.4)","6.4(0.4)","8.7(0.5)","6.7(0.4)","4.8(0.3)","7.6(0.4)","7.8(0.4)","9.4(0.6)","6.1(0.3)","5.4-6.8"
"","남","","4.1(0.3)","4.1(0.3)","3.8(0.3)","2.5(0.3)","4.0(0.4)","3.9(0.4)","4.9(0.4)","3.6(0.4)","3.9(0.4)","4.5(0.4)","7.1(0.7)","5.0(0.4)","4.0(0.3)","4.5(0.4)","5.9(0.4)","8.1(0.6)","4.7(0.4)","4.0-5.4"
"","여","","7.9(0.5)","6.8(0.5)","6.8(0.4)","4.1(0.3)","6.8(0.5)","7.8(0.5)","8.6(0.5)","5.5(0.5)","8.4(0.5)","9.1(0.5)","11.9(0.6)","9.2(0.6)","5.9(0.4)","11.4(0.6)","11.0(0.5)","11.5(0.7)","9.1(0.5)","8.2-10.1"
"","19-29","","2.8(0.6)","3.0(0.5)","4.9(0.7)","3.6(0.8)","4.5(0.8)","6.0(1.2)","5.9(1.0)","3.9(0.7)","7.0(1.1)","6.1(0.9)","9.7(1.4)","7.0(1.0)","4.2(0.9)","6.1(1.3)","4.1(0.6)","8.2(1.6)","5.3(1.0)","3.3-7.2"
"","30-39","","2.9(0.6)","4.1(0.6)","3.7(0.4)","2.3(0.4)","5.1(0.9)","5.0(0.7)","5.9(0.7)","4.5(0.7)","4.3(0.7)","6.9(1.0)","6.2(0.9)","5.4(1.1)","5.7(0.8)","6.6(1.1)","8.4(1.1)","9.8(1.4)","4.5(0.7)","3.2-5.8"
"","40-49","","4.4(0.7)","5.3(0.7)","5.5(0.6)","2.7(0.5)","3.8(0.5)","6.0(0.6)","4.7(0.7)","3.5(0.6)","4.9(0.6)","4.2(0.6)","6.8(1.0)","6.3(0.9)","3.3(0.6)","8.4(1.0)","9.0(1.1)","8.5(1.5)","6.7(0.8)","5.2-8.2"
"","50-59","","7.9(0.8)","6.4(0.7)","5.6(0.8)","3.6(0.5)","6.6(1.0)","4.8(0.6)","7.9(0.8)","5.0(0.8)","6.6(0.7)","5.9(0.6)","10.8(1.1)","6.7(0.7)","4.9(0.7)","8.1(0.9)","7.1(0.8)","9.2(1.2)","5.6(0.6)","4.3-6.8"
"","60-69","","8.9(1.1)","7.3(0.9)","6.1(0.7)","4.4(0.6)","5.6(0.6)","6.9(0.6)","7.9(0.6)","5.8(1.0)","5.9(0.9)","9.0(0.9)","10.3(1.1)","7.5(0.9)","5.5(0.7)","8.6(0.5)","8.6(1.0)","12.0(1.1)","6.8(0.5)","5.8-7.9"
"","70이상","","13.0(1.1)","8.3(0.7)","6.8(0.8)","3.7(0.5)","7.6(0.5)","7.0(0.5)","8.8(0.8)","5.4(0.6)","8.5(0.9)","9.7(0.7)","12.9(1.1)","9.3(0.6)","6.2(0.5)","9.2(0.9)","12.2(0.6)","10.6(0.7)","10.9(0.8)","9.4-12.4"
"전남","N","(명)","19,175","20,095","19,994","20,035","19,783","19,693","19,763","19,725","19,608","19,619","19,605","19,520","19,552","19,542","19,538","19,550","19,547",""
"","전체","(조율)","7.9(0.3)","5.7(0.2)","4.1(0.2)","3.3(0.2)","4.2(0.2)","4.4(0.2)","5.0(0.2)","7.2(0.3)","4.5(0.2)","5.0(0.2)","4.8(0.2)","4.6(0.2)","3.9(0.2)","5.6(0.2)","6.4(0.3)","5.8(0.3)","5.1(0.2)","4.6-5.5"
"","","(표준화율)","7.0(0.3)","5.3(0.2)","3.9(0.2)","3.2(0.2)","3.9(0.2)","4.0(0.2)","4.6(0.2)","6.7(0.3)","4.5(0.3)","5.1(0.3)","4.4(0.3)","4.2(0.3)","4.2(0.3)","5.1(0.3)","5.8(0.3)","5.8(0.3)","5.0(0.3)","4.4-5.6"
"","남","","6.4(0.5)","4.1(0.3)","2.8(0.3)","2.2(0.2)","2.8(0.2)","3.1(0.2)","3.4(0.3)","5.2(0.3)","2.9(0.3)","3.8(0.3)","3.2(0.3)","3.3(0.3)","2.6(0.2)","4.2(0.3)","4.5(0.3)","4.0(0.3)","4.0(0.3)","3.4-4.5"
"","여","","9.3(0.4)","7.3(0.3)","5.4(0.3)","4.3(0.3)","5.6(0.3)","5.6(0.3)","6.6(0.3)","9.1(0.5)","6.1(0.3)","6.3(0.3)","6.4(0.4)","6.0(0.4)","5.3(0.3)","7.0(0.3)","8.4(0.4)","7.5(0.4)","6.2(0.3)","5.5-6.8"
"","19-29","","5.8(1.3)","4.3(0.6)","2.9(0.5)","3.0(0.6)","2.9(0.5)","2.2(0.4)","4.0(0.6)","5.6(0.9)","4.3(0.7)","6.6(0.9)","4.1(0.7)","2.6(0.5)","3.5(0.6)","3.2(0.6)","4.2(0.9)","5.4(0.9)","3.7(0.9)","1.9-5.5"
"","30-39","","4.9(0.7)","4.2(0.5)","3.8(0.5)","2.5(0.4)","3.0(0.4)","4.1(0.5)","3.8(0.5)","6.8(0.8)","4.4(0.7)","4.9(0.6)","3.3(0.6)","4.8(0.8)","4.8(0.8)","5.1(0.6)","5.3(0.9)","6.4(0.8)","5.4(0.7)","3.9-6.8"
"","40-49","","6.6(0.5)","5.6(0.5)","3.9(0.4)","3.4(0.4)","3.7(0.5)","3.7(0.4)","4.1(0.4)","5.6(0.6)","4.4(0.6)","4.2(0.5)","4.3(0.6)","3.3(0.5)","4.6(0.6)","5.1(0.6)","6.0(0.6)","5.3(0.7)","5.8(0.6)","4.6-7.1"
"","50-59","","7.8(0.6)","5.7(0.5)","4.4(0.6)","3.3(0.4)","4.6(0.5)","4.7(0.5)","5.5(0.6)","6.8(0.6)","4.6(0.4)","4.4(0.4)","5.0(0.6)","5.4(0.6)","3.4(0.4)","5.7(0.5)","5.9(0.5)","5.0(0.5)","4.7(0.5)","3.7-5.7"
"","60-69","","10.3(0.8)","6.6(0.5)","4.5(0.5)","3.6(0.4)","5.6(0.5)","5.7(0.5)","5.2(0.6)","8.4(0.7)","4.2(0.4)","4.6(0.5)","5.1(0.6)","4.8(0.4)","4.0(0.4)","5.4(0.5)","6.8(0.7)","5.4(0.4)","4.7(0.4)","4.0-5.5"
"","70이상","","13.3(0.7)","8.4(0.6)","5.5(0.4)","3.8(0.4)","5.5(0.3)","5.7(0.4)","7.0(0.5)","9.8(0.6)","5.1(0.4)","5.8(0.4)","6.5(0.4)","6.2(0.4)","3.7(0.3)","7.8(0.5)","8.9(0.4)","6.9(0.4)","5.7(0.3)","5.0-6.3"
"경북","N","(명)","23,073","22,278","22,282","22,267","22,298","22,315","22,273","22,264","22,166","22,155","22,166","22,174","22,163","22,198","22,167","21,301","21,292",""
"","전체","(조율)","9.3(0.3)","7.5(0.2)","5.7(0.2)","5.0(0.2)","4.2(0.2)","5.2(0.2)","6.7(0.3)","7.2(0.3)","6.2(0.2)","5.3(0.2)","5.3(0.2)","6.6(0.2)","5.7(0.2)","6.2(0.2)","7.3(0.3)","7.5(0.3)","7.1(0.3)","6.6-7.6"
"","","(표준화율)","8.8(0.3)","7.1(0.2)","5.3(0.2)","4.6(0.2)","3.8(0.2)","4.8(0.2)","6.3(0.3)","7.1(0.3)","5.8(0.2)","5.1(0.2)","5.3(0.3)","6.5(0.3)","6.1(0.3)","6.0(0.3)","6.8(0.3)","7.5(0.3)","6.8(0.3)","6.2-7.4"
"","남","","6.2(0.3)","4.9(0.3)","3.8(0.2)","3.2(0.2)","2.9(0.2)","3.7(0.2)","4.6(0.3)","4.8(0.3)","4.2(0.3)","4.0(0.3)","3.9(0.3)","4.9(0.3)","4.0(0.3)","4.2(0.2)","5.0(0.3)","6.0(0.3)","4.8(0.3)","4.2-5.4"
"","여","","12.4(0.5)","10.0(0.3)","7.5(0.3)","6.8(0.3)","5.4(0.3)","6.7(0.3)","8.7(0.4)","9.6(0.4)","8.1(0.4)","6.6(0.3)","6.7(0.3)","8.3(0.3)","7.4(0.3)","8.3(0.3)","9.7(0.4)","9.0(0.4)","9.4(0.4)","8.6-10.1"
"","19-29","","6.7(0.8)","6.3(0.6)","4.5(0.5)","3.5(0.5)","3.4(0.5)","3.6(0.5)","5.5(0.7)","7.7(0.8)","5.0(0.6)","4.8(0.6)","5.6(0.7)","5.5(0.7)","5.4(0.7)","4.7(0.6)","5.9(0.7)","7.5(0.8)","5.2(0.7)","3.8-6.6"
"","30-39","","6.8(0.6)","5.3(0.5)","3.8(0.4)","3.6(0.4)","2.8(0.4)","4.4(0.5)","5.9(0.7)","6.3(0.6)","5.3(0.6)","5.3(0.6)","5.0(0.6)","7.2(0.8)","7.2(0.8)","6.5(0.6)","6.1(0.7)","7.4(0.8)","6.6(0.7)","5.2-8.1"
"","40-49","","8.6(0.8)","7.2(0.5)","5.4(0.4)","4.2(0.4)","3.3(0.4)","4.2(0.4)","5.7(0.5)","6.0(0.5)","5.4(0.6)","4.0(0.5)","4.9(0.6)","6.2(0.6)","6.6(0.6)","5.3(0.5)","6.3(0.5)","7.7(0.7)","7.4(0.7)","6.0-8.7"
"","50-59","","9.9(0.7)","7.7(0.5)","5.7(0.5)","5.6(0.4)","4.5(0.4)","5.8(0.5)","6.8(0.5)","6.6(0.5)","5.5(0.5)","5.8(0.5)","4.7(0.5)","6.3(0.5)","5.1(0.5)","6.1(0.5)","7.2(0.6)","6.7(0.6)","6.3(0.5)","5.3-7.4"
"","60-69","","12.8(0.9)","9.7(0.6)","7.5(0.5)","6.2(0.5)","5.2(0.5)","6.0(0.5)","8.2(0.6)","8.3(0.6)","7.4(0.6)","5.3(0.5)","6.0(0.5)","7.1(0.5)","5.5(0.4)","7.2(0.5)","7.6(0.5)","7.3(0.5)","7.2(0.5)","6.3-8.1"
"","70이상","","14.3(0.8)","10.2(0.6)","8.4(0.6)","7.7(0.5)","6.6(0.5)","7.6(0.5)","8.5(0.6)","9.2(0.5)","8.8(0.6)","6.7(0.5)","6.0(0.4)","7.7(0.5)","4.8(0.4)","7.2(0.5)","10.0(0.6)","8.5(0.5)","8.9(0.5)","7.9-9.9"
"경남","N","(명)","18,459","18,099","18,041","18,169","18,104","18,063","18,046","18,033","17,932","17,934","17,942","17,942","17,936","17,943","17,951","17,937","17,943",""
"","전체","(조율)","7.4(0.3)","6.6(0.3)","4.0(0.2)","4.1(0.2)","4.1(0.2)","3.9(0.2)","4.5(0.2)","4.9(0.2)","4.1(0.2)","5.1(0.2)","5.4(0.2)","4.9(0.2)","6.3(0.3)","7.4(0.3)","7.2(0.3)","7.4(0.3)","6.0(0.3)","5.5-6.5"
"","","(표준화율)","7.0(0.2)","6.3(0.2)","3.8(0.2)","4.0(0.2)","4.0(0.2)","3.9(0.2)","4.2(0.2)","4.7(0.2)","4.1(0.2)","5.0(0.2)","5.2(0.3)","4.8(0.3)","6.4(0.3)","7.1(0.3)","6.9(0.3)","7.6(0.3)","5.6(0.3)","5.1-6.1"
"","남","","5.2(0.3)","4.2(0.3)","2.6(0.2)","2.5(0.2)","2.5(0.2)","2.4(0.2)","3.5(0.3)","3.1(0.2)","2.7(0.2)","3.5(0.3)","3.6(0.3)","3.2(0.3)","4.9(0.4)","5.7(0.4)","5.4(0.3)","6.1(0.4)","4.2(0.3)","3.6-4.8"
"","여","","9.6(0.4)","8.9(0.4)","5.5(0.3)","5.7(0.3)","5.6(0.3)","5.4(0.3)","5.5(0.3)","6.6(0.3)","5.4(0.3)","6.8(0.4)","7.2(0.4)","6.6(0.4)","7.6(0.4)","9.1(0.5)","9.0(0.4)","8.8(0.4)","7.8(0.4)","7.0-8.5"
"","19-29","","4.3(0.4)","4.3(0.6)","2.9(0.5)","3.8(0.5)","2.8(0.4)","3.6(0.5)","3.5(0.6)","4.3(0.6)","4.1(0.5)","3.4(0.6)","4.5(0.7)","5.3(0.9)","5.3(0.7)","6.2(0.8)","4.7(0.7)","6.7(1.0)","4.0(0.6)","2.9-5.2"
"","30-39","","4.5(0.4)","5.4(0.6)","3.1(0.4)","2.8(0.4)","4.0(0.4)","4.0(0.5)","3.5(0.5)","4.6(0.5)","4.3(0.5)","5.5(0.6)","5.4(0.6)","4.2(0.5)","6.5(0.8)","5.6(0.7)","7.6(0.9)","8.3(0.9)","5.4(0.7)","4.1-6.8"
"","40-49","","6.6(0.5)","5.8(0.5)","3.0(0.3)","4.1(0.5)","4.0(0.4)","3.5(0.4)","3.3(0.4)","3.7(0.4)","3.8(0.4)","5.5(0.5)","4.4(0.5)","4.1(0.5)","7.6(0.7)","7.4(0.7)","7.3(0.7)","7.9(0.6)","5.5(0.5)","4.4-6.5"
"","50-59","","8.7(0.7)","8.0(0.7)","4.2(0.4)","3.8(0.4)","4.2(0.5)","3.8(0.4)","5.2(0.5)","4.2(0.4)","3.7(0.4)","4.8(0.5)","5.8(0.5)","4.9(0.5)","5.2(0.6)","7.9(0.7)","6.7(0.6)","7.0(0.6)","6.3(0.6)","5.2-7.4"
"","60-69","","12.0(0.8)","8.4(0.6)","6.4(0.6)","6.0(0.7)","5.6(0.7)","3.8(0.4)","5.4(0.7)","5.8(0.6)","3.9(0.5)","7.0(0.6)","6.1(0.6)","4.6(0.5)","6.4(0.7)","9.0(0.8)","7.8(0.6)","7.1(0.6)","6.5(0.5)","5.4-7.5"
"","70이상","","15.1(0.9)","11.0(0.8)","7.5(0.7)","6.1(0.5)","4.6(0.4)","5.2(0.4)","7.5(0.5)","8.4(0.5)","5.1(0.4)","4.9(0.5)","6.7(0.5)","6.5(0.6)","6.5(0.6)","7.8(0.6)","8.7(0.6)","7.6(0.5)","7.6(0.6)","6.4-8.7"
"제주","N","(명)","3,674","5,155","5,109","5,088","5,127","5,061","5,228","5,087","5,035","5,039","5,038","5,049","5,050","5,029","5,032","5,026","5,034",""
"","전체","(조율)","7.7(0.9)","9.9(0.8)","6.4(0.5)","6.7(0.6)","5.3(0.4)","6.0(0.5)","8.0(0.7)","5.7(0.7)","6.4(0.6)","6.4(0.6)","4.7(0.6)","4.8(0.5)","4.1(0.4)","6.1(0.5)","6.1(0.5)","5.0(0.5)","5.1(0.4)","4.2-5.9"
"","","(표준화율)","7.3(0.7)","9.5(0.6)","6.2(0.6)","6.3(0.5)","5.3(0.5)","6.2(0.5)","7.9(0.6)","5.7(0.6)","6.6(0.6)","6.4(0.7)","4.5(0.5)","4.6(0.5)","4.3(0.5)","5.8(0.6)","5.7(0.5)","5.1(0.5)","4.9(0.6)","3.7-6.0"
"","남","","5.1(0.7)","7.1(0.9)","4.8(0.7)","4.6(0.6)","3.9(0.5)","4.3(0.6)","6.5(0.9)","4.8(0.9)","5.5(0.8)","5.3(0.8)","3.8(0.7)","3.9(0.5)","3.4(0.6)","4.2(0.6)","4.7(0.6)","4.4(0.6)","4.7(0.6)","3.6-5.9"
"","여","","10.2(1.3)","12.6(0.9)","8.0(0.8)","8.8(0.9)","6.7(0.7)","7.7(0.8)","9.5(0.9)","6.6(0.8)","7.4(0.8)","7.5(0.9)","5.6(0.8)","5.7(0.7)","4.8(0.6)","8.1(0.7)","7.5(0.7)","5.5(0.7)","5.4(0.7)","4.1-6.7"
"","19-29","","4.7(1.5)","7.9(1.6)","5.6(1.8)","4.0(1.1)","5.7(1.4)","8.9(1.8)","10.1(2.1)","5.1(1.3)","6.9(1.4)","5.6(1.6)","4.1(1.1)","3.9(1.3)","3.9(1.3)","4.0(1.3)","4.6(1.3)","7.3(1.7)","3.1(1.2)","0.7-5.6"
"","30-39","","5.2(1.4)","6.9(1.2)","3.6(1.0)","4.9(1.0)","4.2(0.9)","5.4(1.0)","6.1(1.2)","6.1(1.2)","8.7(1.9)","6.8(1.5)","4.6(1.3)","4.9(1.5)","5.2(1.1)","4.4(1.0)","5.1(1.3)","3.6(0.9)","4.4(2.0)","0.4-8.4"
"","40-49","","5.8(1.0)","8.6(1.6)","7.5(1.0)","6.2(1.0)","4.2(0.8)","4.5(0.9)","6.1(1.3)","6.5(1.8)","4.7(0.9)","7.1(1.3)","3.5(0.7)","3.6(1.0)","4.9(1.2)","7.3(1.4)","5.8(1.3)","4.6(0.9)","6.5(1.1)","4.4-8.6"
"","50-59","","11.5(3.1)","9.7(1.2)","7.8(1.4)","7.7(1.7)","5.5(1.0)","4.7(1.0)","8.7(1.6)","4.6(0.9)","5.7(1.3)","6.6(1.4)","5.9(1.4)","5.4(1.0)","3.1(0.7)","8.1(1.3)","6.4(1.1)","4.7(0.9)","5.8(1.1)","3.7-7.9"
"","60-69","","8.4(1.4)","14.2(2.5)","5.3(1.0)","8.8(1.5)","8.2(1.5)","6.5(1.2)","7.2(1.4)","5.5(1.1)","4.6(1.1)","6.2(1.1)","3.9(0.9)","5.5(1.2)","4.1(0.9)","6.3(1.1)","7.6(1.4)","4.6(0.9)","6.1(1.6)","3.0-9.2"
"","70이상","","17.6(2.4)","18.6(2.2)","9.9(1.5)","11.9(1.8)","6.0(0.9)","7.3(1.0)","11.5(1.4)","6.3(1.1)","8.6(1.5)","5.6(0.9)","6.1(1.6)","5.9(1.0)","3.7(0.6)","5.7(1.0)","7.1(1.1)","5.1(0.8)","3.7(0.7)","2.3-5.0"
